{"cameraMode":{"drawMode":0,"name":"Shaded","section":"Shading Mode"},"sceneLighting":false,"audioPlay":false,"sceneViewState":{"showFog":true,"showMaterialUpdate":false,"showSkybox":true,"showFlares":true,"showImageEffects":true,"showParticleSystems":true},"in2DMode":false,"pivot":{"x":-1.826686143875122,"y":-1.5822867155075074,"z":-8.265625},"rotation":{"x":0.14587406814098359,"y":0.10956874489784241,"z":-0.016259362921118737,"w":0.9830824732780457},"size":15.39135456085205,"orthographic":false}